0x7fcfc69ff010,0x10,8.000
0x7fcfc6c00010,0x10,1.000
0x7fcfc6c01010,0x10,1.000
0x7fcfc6c03010,0x10,1.000
0x7fcfc6c05010,0x10,1.000
0x7fcfc6c06010,0x10,1.000
0x7fcfc6c07010,0x10,2.000
0x7fcfc6c08010,0x10,1.000
0x7fcfc6c09010,0x10,1.000
0x7fcfc6c0a010,0x10,1.000
0x7fcfc6c0b010,0x10,1.000
0x7fcfc6c0c010,0x10,1.000
0x7fcfc6c0d010,0x10,1.000
0x7fcfc6c0e010,0x10,1.000
0x7fcfc6c0f010,0x10,1.000
0x7fcfc6c10010,0x10,1.000
0x7fcfc6c11010,0x10,1.000
0x7fcfc6c12010,0x10,1.000
0x7fcfc6c13010,0x10,1.000
0x7fcfc6c14010,0x10,1.000
0x7fcfc6c15010,0x10,1.000
0x7fcfc6c16010,0x10,1.000
0x7fcfc6c17010,0x10,1.000
0x7fcfc6c18010,0x10,1.000
0x7fcfc6c19010,0x10,1.000
0x7fcfc6c1a010,0x10,1.000
0x7fcfc6c1b010,0x10,1.000
0x7fcfc6c1c010,0x10,1.000
0x7fcfc6c1d010,0x10,1.000
0x7fcfc6c1e010,0x10,0.000
0x7fcfc6c1f010,0x10,0.000
0x7fcfc6c20010,0x10,1.000
0x7fcfc6c21010,0x10,0.000
0x7fcfc6c22010,0x10,0.000
0x7fcfc6c23010,0x10,0.000
0x7fcfc6c24010,0x10,1.000
0x7fcfc6c25010,0x10,1.000
0x7fcfc6c26010,0x10,1.000
0x7fcfc6c27010,0x10,1.000
0x7fcfc6c28010,0x10,1.000
0x7fcfc6c29010,0x10,1.000
0x7fcfc6c2a010,0x10,1.000
0x7fcfc6c2b010,0x10,1.000
0x7fcfc6c2c010,0x10,1.000
0x7fcfc6c2d010,0x10,1.000
0x7fcfc6c2e010,0x10,1.000
0x7fcfc6c2f010,0x10,1.000
0x7fcfc6c30010,0x10,1.000
0x7fcfc6c31010,0x10,0.000
0x7fcfc6c32010,0x10,0.000
0x7fcfc6c33010,0x10,0.000
0x7fcfc6c34010,0x10,1.000
0x7fcfc6c35010,0x10,1.000
0x7fcfc6c36010,0x10,1.000
0x7fcfc6c37010,0x10,1.000
0x7fcfc6c38010,0x10,1.000
0x7fcfc6c39010,0x10,1.000
0x7fcfc6c3a010,0x10,1.000
0x7fcfc6c3b010,0x10,0.000
0x7fcfc6c3c010,0x10,0.000
0x7fcfc6c3d010,0x10,1.000
0x7fcfc6c3e010,0x10,1.000
0x7fcfc6c3f010,0x10,1.000
0x7fcfc6c40010,0x10,1.000
0x7fcfc6c41010,0x10,1.000
0x7fcfc6c42010,0x10,1.000
0x7fcfc6c43010,0x10,1.000
0x7fcfc6c44010,0x10,1.000
0x7fcfc6c45010,0x10,1.000
0x7fcfc6c46010,0x10,0.000
0x7fcfc6c47010,0x10,0.000
0x7fcfc6c48010,0x10,0.000
0x7fcfc6c49010,0x10,1.000
0x7fcfc6c4a010,0x10,1.000
0x7fcfc6c4b010,0x10,1.000
0x7fcfc6c4c010,0x10,1.000
0x7fcfc6c4d010,0x10,1.000
0x7fcfc6c4e010,0x10,1.000
0x7fcfc6c4f010,0x10,0.000
0x7fcfc6c50010,0x10,0.000
0x7fcfc6c51010,0x10,0.000
0x7fcfc6c52010,0x10,1.000
0x7fcfc6c53010,0x10,1.000
0x7fcfc6c54010,0x10,1.000
0x7fcfc6c55010,0x10,1.000
0x7fcfc6c56010,0x10,0.000
0x7fcfc6c57010,0x10,0.000
0x7fcfc6c58010,0x10,0.000
0x7fcfc6c59010,0x10,0.000
0x7fcfc6c5a010,0x10,1.000
0x7fcfc6c5b010,0x10,1.000
0x7fcfc6c5c010,0x10,1.000
0x7fcfc6c5d010,0x10,1.000
0x7fcfc6c5e010,0x10,1.000
0x7fcfc6c5f010,0x10,1.000
0x7fcfc6c60010,0x10,1.000
0x7fcfc6c61010,0x10,1.000
0x7fcfc6c62010,0x10,0.000
0x7fcfc6c63010,0x10,0.000
0x7fcfc6c64010,0x10,0.000
0x7fcfc6c65010,0x10,0.000
0x7fcfc6c66010,0x10,0.000
0x7fcfc6c67010,0x10,0.000
0x7fcfc6c68010,0x10,0.000
0x7fcfc6c69010,0x10,0.000
0x7fcfc6c6a010,0x10,1.000
0x7fcfc6c6b010,0x10,1.000
0x7fcfc6c6c010,0x10,1.000
0x7fcfc6c6d010,0x10,1.000
0x7fcfc6c6e010,0x10,1.000
0x7fcfc6c6f010,0x10,1.000
0x7fcfc6c80010,0x10,1.000
0x7fcfc6c81010,0x10,1.000
0x7fcfc6c82010,0x10,1.000
0x7fcfc6c83010,0x10,1.000
0x7fcfc6c84010,0x10,1.000
0x7fcfc6c85010,0x10,1.000
0x7fcfc6c86010,0x10,2.000
0x7fcfc6c87010,0x10,2.000
0x7fcfc6c88010,0x10,1.000
0x7fcfc6c89010,0x10,1.000
0x7fcfc6c8a010,0x10,1.000
0x7fcfc6c8b010,0x10,1.000
0x7fcfc6c8c010,0x10,1.000
0x7fcfc6c8d010,0x10,1.000
0x7fcfc6c8e010,0x10,1.000
0x7fcfc6c8f010,0x10,1.000
0x7fcfc6c91010,0x10,1.000
0x7fcfc6c92010,0x10,1.000
0x7fcfc6c93010,0x10,1.000
0x7fcfc6c94010,0x10,1.000
0x7fcfc6c95010,0x10,1.000
0x7fcfc6c96010,0x10,1.000
0x7fcfc6c97010,0x10,1.000
0x7fcfc6c98010,0x10,1.000
0x7fcfc6c99010,0x10,1.000
0x7fcfc6c9a010,0x10,1.000
0x7fcfc6c9b010,0x10,1.000
0x7fcfc6c9c010,0x10,1.000
0x7fcfc6c9d010,0x10,1.000
0x7fcfc6c9e010,0x10,0.000
0x7fcfc6c9f010,0x10,1.000
0x7fcfc6ca0010,0x10,1.000
0x7fcfc6ca1010,0x10,1.000
0x7fcfc6ca2010,0x10,1.000
0x7fcfc6ca3010,0x10,1.000
0x7fcfc6ca4010,0x10,0.000
0x7fcfc6ca5010,0x10,1.000
0x7fcfc6ca6010,0x10,1.000
0x7fcfc6ca7010,0x10,1.000
0x7fcfc6ca8010,0x10,1.000
0x7fcfc6ca9010,0x10,1.000
0x7fcfc6caa010,0x10,1.000
0x7fcfc6cab010,0x10,2.000
0x7fcfc6cac010,0x10,1.000
0x7fcfc6cad010,0x10,1.000
0x7fcfc6cae010,0x10,0.000
0x7fcfc6caf010,0x10,0.000
0x7fcfc6cb0010,0x10,2.000
0x7fcfc6cb1010,0x10,1.000
0x7fcfc6cb2010,0x10,0.000
0x7fcfc6cb3010,0x10,1.000
0x7fcfc6cb4010,0x10,1.000
0x7fcfc6cb5010,0x10,1.000
0x7fcfc6cb6010,0x10,1.000
0x7fcfc6cb7010,0x10,1.000
0x7fcfc6cb8010,0x10,1.000
0x7fcfc6cb9010,0x10,0.000
0x7fcfc6cba010,0x10,0.000
0x7fcfc6cbb010,0x10,0.000
0x7fcfc6cbc010,0x10,0.000
0x7fcfc6cbd010,0x10,0.000
0x7fcfc6cbe010,0x10,0.000
0x7fcfc6cbf010,0x10,0.000
0x7fcfc6cc0010,0x10,0.000
0x7fcfc6cc1010,0x10,0.000
0x7fcfc6cc2010,0x10,0.000
0x7fcfc6cc3010,0x10,0.000
0x7fcfc6cc4010,0x10,1.000
0x7fcfc6cc5010,0x10,1.000
0x7fcfc6cc6010,0x10,1.000
0x7fcfc6cc7010,0x10,1.000
0x7fcfc6cc8010,0x10,1.000
0x7fcfc6cc9010,0x10,2.000
0x7fcfc6cca010,0x10,2.000
0x7fcfc6ccb010,0x10,1.000
0x7fcfc6ccc010,0x10,0.000
0x7fcfc6ccd010,0x10,0.000
0x7fcfc6cce010,0x10,1.000
0x7fcfc6ccf010,0x10,1.000
0x7fcfc6cd0010,0x10,1.000
0x7fcfc6cd1010,0x10,1.000
0x7fcfc6cd2010,0x10,1.000
0x7fcfc6cd4010,0x10,1.000
0x7fcfc6cd5010,0x10,1.000
0x7fcfc6cd6010,0x10,1.000
0x7fcfc6cd7010,0x10,1.000
0x7fcfc6cd8010,0x10,1.000
0x7fcfc6cd9010,0x10,1.000
0x7fcfc6cda010,0x10,1.000
0x7fcfc6cdb010,0x10,2.000
0x7fcfc6cdc010,0x10,1.000
0x7fcfc6cdd010,0x10,1.000
0x7fcfc6cde010,0x10,1.000
0x7fcfc6cdf010,0x10,1.000
0x7fcfc6ce0010,0x10,1.000
0x7fcfc6ce1010,0x10,1.000
0x7fcfc6ce2010,0x10,1.000
0x7fcfc6ce3010,0x10,1.000
0x7fcfc6ce4010,0x10,1.000
0x7fcfc6ce5010,0x10,1.000
0x7fcfc6ce6010,0x10,1.000
0x7fcfc6ce7010,0x10,0.000
0x7fcfc6ce8010,0x10,0.000
0x7fcfc6ce9010,0x10,1.000
0x7fcfc6cea010,0x10,1.000
0x7fcfc6ceb010,0x10,0.000
0x7fcfc6cec010,0x10,0.000
0x7fcfc6ced010,0x10,1.000
0x7fcfc6cee010,0x10,1.000
0x7fcfc6cef010,0x10,0.000
0x7fcfc6cf0010,0x10,0.000
0x7fcfc6cf1010,0x10,1.000
0x7fcfc6cf2010,0x10,1.000
0x7fcfc6cf3010,0x10,0.000
0x7fcfc6cf4010,0x10,0.000
0x7fcfc6cf5010,0x10,1.000
0x7fcfc6cf6010,0x10,1.000
0x7fcfc6cf7010,0x10,0.000
0x7fcfc6cf8010,0x10,1.000
0x7fcfc6cf9010,0x10,1.000
0x7fcfc6cfa010,0x10,1.000
0x7fcfc6cfb010,0x10,0.000
0x7fcfc6cfc010,0x10,1.000
0x7fcfc6cfd010,0x10,1.000
0x7fcfc6cfe010,0x10,1.000
0x7fcfc6cff010,0x10,0.000
0x7fcfc6d10010,0x10,0.000
0x7fcfc6d11010,0x10,0.000
0x7fcfc6d12010,0x10,1.000
0x7fcfc6d13010,0x10,1.000
0x7fcfc6d14010,0x10,0.000
0x7fcfc6d15010,0x10,1.000
0x7fcfc6d16010,0x10,1.000
0x7fcfc6d17010,0x10,1.000
0x7fcfc6d18010,0x10,0.000
0x7fcfc6d19010,0x10,1.000
0x7fcfc6d1a010,0x10,1.000
0x7fcfc6d1b010,0x10,0.000
0x7fcfc6d1c010,0x10,0.000
0x7fcfc6d1d010,0x10,1.000
0x7fcfc6d1e010,0x10,1.000
0x7fcfc6d1f010,0x10,0.000
0x7fcfc6d20010,0x10,0.000
0x7fcfc6d21010,0x10,1.000
0x7fcfc6d22010,0x10,1.000
0x7fcfc6d23010,0x10,0.000
0x7fcfc6d24010,0x10,1.000
0x7fcfc6d25010,0x10,1.000
0x7fcfc6d26010,0x10,1.000
0x7fcfc6d27010,0x10,0.000
0x7fcfc6d28010,0x10,1.000
0x7fcfc6d29010,0x10,1.000
0x7fcfc6d2a010,0x10,0.000
0x7fcfc6d2b010,0x10,0.000
0x7fcfc6d2c010,0x10,1.000
0x7fcfc6d2d010,0x10,1.000
0x7fcfc6d2e010,0x10,0.000
0x7fcfc6d2f010,0x10,0.000
0x7fcfc6d30010,0x10,1.000
0x7fcfc6d31010,0x10,1.000
0x7fcfc6d32010,0x10,0.000
0x7fcfc6d33010,0x10,1.000
0x7fcfc6d34010,0x10,1.000
0x7fcfc6d35010,0x10,1.000
0x7fcfc6d36010,0x10,0.000
0x7fcfc6d37010,0x10,1.000
0x7fcfc6d38010,0x10,1.000
0x7fcfc6d39010,0x10,0.000
0x7fcfc6d3a010,0x10,0.000
0x7fcfc6d3b010,0x10,1.000
0x7fcfc6d3c010,0x10,1.000
0x7fcfc6d3d010,0x10,0.000
0x7fcfc6d3e010,0x10,0.000
0x7fcfc6d3f010,0x10,1.000
0x7fcfc6d80010,0x10,0.000
0x7fcfc6d81010,0x10,1.000
0x7fcfc6d82010,0x10,1.000
0x7fcfc6d83010,0x10,0.000
0x7fcfc6d84010,0x10,1.000
0x7fcfc6d85010,0x10,1.000
0x7fcfc6d86010,0x10,1.000
0x7fcfc6d87010,0x10,0.000
0x7fcfc6d88010,0x10,1.000
0x7fcfc6d89010,0x10,1.000
0x7fcfc6d8a010,0x10,0.000
0x7fcfc6d8b010,0x10,0.000
0x7fcfc6d8c010,0x10,1.000
0x7fcfc6d8d010,0x10,1.000
0x7fcfc6d8e010,0x10,0.000
0x7fcfc6d8f010,0x10,0.000
0x7fcfc6da0010,0x10,0.000
0x7fcfc6da1010,0x10,1.000
0x7fcfc6da2010,0x10,1.000
0x7fcfc6da3010,0x10,0.000
0x7fcfc6da4010,0x10,0.000
0x7fcfc6da5010,0x10,1.000
0x7fcfc6da6010,0x10,1.000
0x7fcfc6da7010,0x10,0.000
0x7fcfc6da8010,0x10,0.000
0x7fcfc6da9010,0x10,1.000
0x7fcfc6daa010,0x10,1.000
0x7fcfc6dab010,0x10,0.000
0x7fcfc6dac010,0x10,1.000
0x7fcfc6dad010,0x10,1.000
0x7fcfc6dae010,0x10,1.000
0x7fcfc6db3010,0x10,1.000
0x7fcfc6db4010,0x10,1.000
0x7fcfc6db5010,0x10,1.000
0x7fcfc6db6010,0x10,1.000
0x7fcfc6dbf010,0x10,1.000
0x7fcfc6dc0010,0x10,1.000
0x7fcfc6dc1010,0x10,1.000
0x7fcfc6dc2010,0x10,1.000
0x7fcfc6dc3010,0x10,1.000
0x7fcfc6dc4010,0x10,1.000
0x7fcfc6dc5010,0x10,1.000
0x7fcfc6dc6010,0x10,1.000
0x7fcfc6dc7010,0x10,1.000
0x7fcfc6dc8010,0x10,1.000
0x7fcfc6dc9010,0x10,1.000
0x7fcfc6dca010,0x10,1.000
0x7fcfc6dcb010,0x10,1.000
0x7fcfc6dcc010,0x10,1.000
0x7fcfc6dcd010,0x10,1.000
0x7fcfc6dce010,0x10,1.000
0x7fcfc6dcf010,0x10,1.000
0x7fcfc6dd0010,0x10,1.000
0x7fcfc6dd1010,0x10,1.000
0x7fcfc6dd2010,0x10,1.000
0x7fcfc6dd3010,0x10,1.000
0x7fcfc6dd4010,0x10,1.000
0x7fcfc6dd5010,0x10,1.000
0x7fcfc6dd6010,0x10,1.000
0x7fcfc6dd7010,0x10,1.000
0x7fcfc6dd8010,0x10,1.000
0x7fcfc6dd9010,0x10,1.000
0x7fcfc6dda010,0x10,0.000
0x7fcfc6ddb010,0x10,0.000
0x7fcfc6ddc010,0x10,0.000
0x7fcfc6ddd010,0x10,0.000
0x7fcfc6dde010,0x10,0.000
0x7fcfc6ddf010,0x10,1.000
0x7fcfc6e02010,0x10,1.000
0x7fcfc6e03010,0x10,1.000
0x7fcfc6e04010,0x10,1.000
0x7fcfc6e05010,0x10,1.000
0x7fcfc6e06010,0x10,2.000
0x7fcfc6e07010,0x10,1.000
0x7fcfc6e08010,0x10,2.000
0x7fcfc6e0c010,0x10,1.000
0x7fcfc6e0d010,0x10,0.000
0x7fcfc6e0e010,0x10,1.000
0x7fcfc6e14010,0x10,1.000
0x7fcfc6e26010,0x10,1.000
0x7fcfc6e2c010,0x10,1.000
0x7fcfc6e2e010,0x10,1.000
0x7fcfc6e2f010,0x10,1.000
0x7fcfc6e30010,0x10,1.000
0x7fcfc6e31010,0x10,0.000
0x7fcfc6e32010,0x10,1.000
0x7fcfc6e33010,0x10,1.000
0x7fcfc6e34010,0x10,1.000
0x7fcfc6e35010,0x10,0.000
0x7fcfc6e36010,0x10,0.000
0x7fcfc6e37010,0x10,1.000
0x7fcfc6e38010,0x10,1.000
0x7fcfc6e39010,0x10,1.000
0x7fcfc6e3a010,0x10,0.000
0x7fcfc6e3b010,0x10,1.000
0x7fcfc6e3c010,0x10,1.000
0x7fcfc6e3d010,0x10,0.000
0x7fcfc6e3e010,0x10,0.000
0x7fcfc6e3f010,0x10,1.000
0x7fcfc6e40010,0x10,1.000
0x7fcfc6e41010,0x10,0.000
0x7fcfc6e42010,0x10,0.000
0x7fcfc6e43010,0x10,1.000
0x7fcfc6e44010,0x10,1.000
0x7fcfc6e45010,0x10,0.000
0x7fcfc6e46010,0x10,0.000
0x7fcfc6e47010,0x10,1.000
0x7fcfc6e48010,0x10,1.000
0x7fcfc6e49010,0x10,0.000
0x7fcfc6e4a010,0x10,1.000
0x7fcfc6e4b010,0x10,1.000
0x7fcfc6e4c010,0x10,1.000
0x7fcfc6e4d010,0x10,0.000
0x7fcfc6e4e010,0x10,0.000
0x7fcfc6e4f010,0x10,1.000
0x7fcfc6e50010,0x10,1.000
0x7fcfc6e51010,0x10,1.000
0x7fcfc6e52010,0x10,0.000
0x7fcfc6e53010,0x10,1.000
0x7fcfc6e54010,0x10,1.000
0x7fcfc6e55010,0x10,1.000
0x7fcfc6e56010,0x10,0.000
0x7fcfc6e57010,0x10,0.000
0x7fcfc6e58010,0x10,1.000
0x7fcfc6e59010,0x10,1.000
0x7fcfc6e5a010,0x10,1.000
0x7fcfc6e5b010,0x10,0.000
0x7fcfc6e5c010,0x10,0.000
0x7fcfc6e5d010,0x10,1.000
0x7fcfc6e5e010,0x10,1.000
0x7fcfc6e5f010,0x10,1.000
0x7fcfc6e60010,0x10,0.000
0x7fcfc6e61010,0x10,1.000
0x7fcfc6e62010,0x10,1.000
0x7fcfc6e63010,0x10,0.000
0x7fcfc6e64010,0x10,0.000
0x7fcfc6e65010,0x10,0.000
0x7fcfc6e66010,0x10,1.000
0x7fcfc6e67010,0x10,1.000
